Title,Company,Location,Link,Description,Responsibilities,QualificationsRequired,QualificationsPreferred,Requirements,Posted_date,CS_Terms_Description,CS_Terms_Responsibilities,CS_Terms_QualificationsRequired,CS_Terms_QualificationsPreferred,CS_Terms_Requirements,CS_Terms
Data Analyst -- Entry Level,CGI,"Dallas, TX",https://www.linkedin.com/jobs/view/4290918685/?eBP=NOT_ELIGIBLE_FOR_CHARGING&refId=oXYlHuySvg%2BlfYgD4KLMfw%3D%3D&trackingId=%2FjWf4EvtpwiDScDVS2sF7A%3D%3D&trk=flagship3_search_srp_jobs,"About the job
Position Description

Launch a world-class career with us.

Businesses everywhere are leveraging business intelligence to transform data into actionable insights. With the rise of AI-enhanced analytics, organizations can unlock deeper value and more efficient decision-making. If you’re passionate about turning complex data into business impact, a Data Analyst position at CGI could be the perfect fit for you.

This position is in Dallas, TX in a hybrid working model.

Fall Application Period: Monday, August 25th 2025 – Friday, October 3rd 2025

Your future duties and responsibilities

How You’ll Make an Impact

 Become a subject-matter expert in BI tools such as Tableau, Power BI, ArcGIS, Looker, and MicroStrategy.
 Understand how different technology stacks integrate with and influence BI platforms.
 Design and build scalable data pipelines, data models, and data prep workflows using Python or SQL.
 Prepare data for analytics and machine learning use cases.
 Develop, test, and deliver dashboards, reports, and visualizations that answer business questions.
 Collaborate closely with clients, colleagues, and other stakeholders across projects.
 Continuously upskill by earning certifications and shared learning.
 Contribute to business development initiatives, including proposals and technical content.

Required Qualifications To Be Successful In This Role

What You’ll Bring

 Bachelor’s degree from an accredited college or university in Management Information Systems, Data Science, Computer Science, Information Systems, or related field.
 Understanding of emerging technologies and their impact on digital transformation.
 Knowledge of data warehousing, BI tools, cloud computing, and AI/ML fundamentals.
 Solid foundation in database concepts and relational database design.
 Proficiency in SQL and Python.
 Passion for learning and self-driven development.
 Adaptability and energy to thrive in fast-paced, collaborative environments.
 Strong analytical thinking and excellent written and verbal communication skills.
 Ability to translate technical concepts effectively to non-technical audiences.
 Ability to work in the U.S. permanently and without restriction.

Let’s Talk About Benefits

 Competitive base salary
 Comprehensive insurance options
 401(k) with company match
 Share purchase plan with a company match
 Paid vacation, holidays, and sick leave
 Up to 14 weeks of Maternity Leave with full pay
 4-week Parental Leave for all non-birth parents
 Attorney-assisted will preparation
 Health savings account
 Disability, life, and accidental death insurance
 Pet insurance
 Work-life balance and flexibility
 Tuition assistance continuous learning opportunities
 Training, mentoring, and career development
 Partner assistance program
 Wellness program

The best version of you starts here

We’re a global company of owners. Over 90,000 partners strong, we bring our diverse backgrounds and perspectives together to solve some of IT and business consulting’s toughest problems for some of the world’s best companies. Looking for a place that empowers you to explore your full potential and shape your own career? The scale and reach of our impact offer you just that. Join a team of great people, collaborate on meaningful work, and serve the communities you call home while you do it.

CGI is required by law in some jurisdictions to include a reasonable estimate of the compensation range for this role. The determination of this range includes various factors not limited to skill set level, experience and training, and licensure and certifications. To support the ability to reward for merit-based performance, CGI typically does not hire individuals at or near the top of the range for their role. Compensation decisions are dependent on the facts and circumstances of each case. A reasonable estimate of the current range is $57,100 - $103,700.

#CGIEarlyCareers

Together, as owners, let’s turn meaningful insights into action.

Life at CGI is rooted in ownership, teamwork, respect and belonging. Here, you’ll reach your full potential because…

You are invited to be an owner from day 1 as we work together to bring our Dream to life. That’s why we call ourselves CGI Partners rather than employees. We benefit from our collective success and actively shape our company’s strategy and direction.

Your work creates value. You’ll develop innovative solutions and build relationships with teammates and clients while accessing global capabilities to scale your ideas, embrace new opportunities, and benefit from expansive industry and technology expertise.

You’ll shape your career by joining a company built to grow and last. You’ll be supported by leaders who care about your health and well-being and provide you with opportunities to deepen your skills and broaden your horizons.

Come join our team—one of the largest IT and business consulting services firms in the world.

Qualified applicants will receive consideration for employment without regard to their race, ethnicity, ancestry, color, sex, religion, creed, age, national origin, citizenship status, disability, pregnancy, medical condition, military and veteran status, marital status, sexual orientation or perceived sexual orientation, gender, gender identity, and gender expression, familial status or responsibilities, reproductive health decisions, political affiliation, genetic information, height, weight, or any other legally protected status or characteristics to the extent required by applicable federal, state, and/or local laws where we do business.

CGI provides reasonable accommodations to qualified individuals with disabilities. If you need an accommodation to apply for a job in the U.S., please email the CGI U.S. Employment Compliance mailbox at US_Employment_Compliance@cgi.com. You will need to reference the Position ID of the position in which you are interested. Your message will be routed to the appropriate recruiter who will assist you. Please note, this email address is only to be used for those individuals who need an accommodation to apply for a job. Emails for any other reason or those that do not include a Position ID will not be returned.

We make it easy to translate military experience and skills! Click here to be directed to our site that is dedicated to veterans and transitioning service members.

All CGI offers of employment in the U.S. are contingent upon the ability to successfully complete a background investigation. Background investigation components can vary dependent upon specific assignment and/or level of US government security clearance held. Dependent upon role and/or federal government security clearance requirements, and in accordance with applicable laws, some background investigations may include a credit check. CGI will consider for employment qualified applicants with arrests and conviction records in accordance with all local regulations and ordinances.

CGI will not discharge or in any other manner discriminate against employees or applicants because they have inquired about, discussed, or disclosed their own pay or the pay of another employee or applicant. However, employees who have access to the compensation information of other employees or applicants as a part of their essential job functions cannot disclose the pay of other employees or applicants to individuals who do not otherwise have access to compensation information, unless the disclosure is (a) in response to a formal complaint or charge, (b) in furtherance of an investigation, proceeding, hearing, or action, including an investigation conducted by the employer, or (c) consistent with CGI’s legal duty to furnish information.",[],"['What You’ll Bring', 'Bachelor’s degree from an accredited college or university in Management Information Systems, Data Science, Computer Science, Information Systems, or related field.', 'Understanding of emerging technologies and their impact on digital transformation.', 'Knowledge of data warehousing, BI tools, cloud computing, and AI/ML fundamentals.', 'Solid foundation in database concepts and relational database design.', 'Proficiency in SQL and Python.', 'Passion for learning and self', 'driven development.', 'Adaptability and energy to thrive in fast', 'paced, collaborative environments.', 'Strong analytical thinking and excellent written and verbal communication skills.', 'Ability to translate technical concepts effectively to non', 'technical audiences.', 'Ability to work in the U.S. permanently and without restriction.', 'Let’s Talk About Benefits', 'Competitive base salary', 'Comprehensive insurance options', '401(k) with company match', 'Share purchase plan with a company match', 'Paid vacation, holidays, and sick leave', 'Up to 14 weeks of Maternity Leave with full pay', '4', 'week Parental Leave for all non', 'birth parents', 'Attorney', 'assisted will preparation', 'Health savings account', 'Disability, life, and accidental death insurance', 'Pet insurance', 'Work', 'life balance and flexibility', 'Tuition assistance continuous learning opportunities', 'Training, mentoring, and career development', 'Partner assistance program', 'Wellness program', 'The best version of you starts here', 'We’re a global company of owners. Over 90,000 partners strong, we bring our diverse backgrounds and perspectives together to solve some of IT and business consulting’s toughest problems for some of the world’s best companies. Looking for a place that empowers you to explore your full potential and shape your own career? The scale and reach of our impact offer you just that. Join a team of great people, collaborate on meaningful work, and serve the communities you call home while you do it.', 'CGI is required by law in some jurisdictions to include a reasonable estimate of the compensation range for this role. The determination of this range includes various factors not limited to skill set level, experience and training, and licensure and certifications. To support the ability to reward for merit', 'based performance, CGI typically does not hire individuals at or near the top of the range for their role. Compensation decisions are dependent on the facts and circumstances of each case. A reasonable estimate of the current range is $57,100', '$103,700.', '#CGIEarlyCareers', 'Together, as owners, let’s turn meaningful insights into action.', 'Life at CGI is rooted in ownership, teamwork, respect and belonging. Here, you’ll reach your full potential because…', 'You are invited to be an owner from day 1 as we work together to bring our Dream to life. That’s why we call ourselves CGI Partners rather than employees. We benefit from our collective success and actively shape our company’s strategy and direction.', 'Your work creates value. You’ll develop innovative solutions and build relationships with teammates and clients while accessing global capabilities to scale your ideas, embrace new opportunities, and benefit from expansive industry and technology expertise.', 'You’ll shape your career by joining a company built to grow and last. You’ll be supported by leaders who care about your health and well', 'being and provide you with opportunities to deepen your skills and broaden your horizons.', 'Come join our team', 'one of the largest IT and business consulting services firms in the world.', 'Qualified applicants will receive consideration for employment without regard to their race, ethnicity, ancestry, color, sex, religion, creed, age, national origin, citizenship status, disability, pregnancy, medical condition, military and veteran status, marital status, sexual orientation or perceived sexual orientation, gender, gender identity, and gender expression, familial status or responsibilities, reproductive health decisions, political affiliation, genetic information, height, weight, or any other legally protected status or characteristics to the extent required by applicable federal, state, and/or local laws where we do business.', 'CGI provides reasonable accommodations to qualified individuals with disabilities. If you need an accommodation to apply for a job in the U.S., please email the CGI U.S. Employment Compliance mailbox at US_Employment_Compliance@cgi.com. You will need to reference the Position ID of the position in which you are interested. Your message will be routed to the appropriate recruiter who will assist you. Please note, this email address is only to be used for those individuals who need an accommodation to apply for a job. Emails for any other reason or those that do not include a Position ID will not be returned.', 'We make it easy to translate military experience and skills! Click here to be directed to our site that is dedicated to veterans and transitioning service members.', 'All CGI offers of employment in the U.S. are contingent upon the ability to successfully complete a background investigation. Background investigation components can vary dependent upon specific assignment and/or level of US government security clearance held. Dependent upon role and/or federal government security clearance requirements, and in accordance with applicable laws, some background investigations may include a credit check. CGI will consider for employment qualified applicants with arrests and conviction records in accordance with all local regulations and ordinances.', 'CGI will not discharge or in any other manner discriminate against employees or applicants because they have inquired about, discussed, or disclosed their own pay or the pay of another employee or applicant. However, employees who have access to the compensation information of other employees or applicants as a part of their essential job functions cannot disclose the pay of other employees or applicants to individuals who do not otherwise have access to compensation information, unless the disclosure is (a) in response to a formal complaint or charge, (b) in furtherance of an investigation, proceeding, hearing, or action, including an investigation conducted by the employer, or (c) consistent with CGI’s legal duty to furnish information.']",[],[],2025/08/26,"['class', 'cloud computing', 'Computer', 'Computer Science', 'computing', 'data', 'Data', 'Data Science', 'database', 'expression', 'field', 'Python', 'reference', 'relational database', 'set', 'state']",[],"['cloud computing', 'Computer', 'Computer Science', 'computing', 'data', 'Data', 'Data Science', 'database', 'expression', 'field', 'Python', 'reference', 'relational database', 'set', 'state']",[],[],"['class', 'cloud computing', 'Computer', 'Computer Science', 'computing', 'data', 'Data', 'Data Science', 'database', 'expression', 'field', 'Python', 'reference', 'relational database', 'set', 'state']"
Tech Intern,Hewlett Packard Enterprise,"Spring, TX",https://www.linkedin.com/jobs/view/4289266480/?eBP=NOT_ELIGIBLE_FOR_CHARGING&refId=oXYlHuySvg%2BlfYgD4KLMfw%3D%3D&trackingId=UMAvFgXT%2BdXfVmdHFn4pJQ%3D%3D&trk=flagship3_search_srp_jobs,"About the job
This role has been designed as ‘Hybrid’ with an expectation that you will work on average 2 days per week from an HPE office.

Who We Are

Hewlett Packard Enterprise is the global edge-to-cloud company advancing the way people live and work. We help companies connect, protect, analyze, and act on their data and applications wherever they live, from edge to cloud, so they can turn insights into outcomes at the speed required to thrive in today’s complex world. Our culture thrives on finding new and better ways to accelerate what’s next. We know varied backgrounds are valued and succeed here. We have the flexibility to manage our work and personal needs. We make bold moves, together, and are a force for good. If you are looking to stretch and grow your career our culture will embrace you. Open up opportunities with HPE.

Job Description

Job Family Definition:

Students or recent graduates of college, university, or other accredited academic programs, pursuing diplomas or degrees (Associate, Bachelor’s, Master’s, or PhD) in any field. Assists in various tasks aligned with their field of study, including research, collaboration on team initiatives and projects, problem-solving, and creative thinking to gain hands-on experience and develop professional skills. Includes internships, research roles, visiting scholar positions, or other program-related opportunities.

Responsibilities

Management Level Definition:

Support senior team members on assigned technical projects as determined by the business unit.
Help identify and troubleshoot technical issues, providing support and suggesting solutions.
Assist with maintaining and updating hardware, software, and other technical systems.
Participate in team activities by attending team meetings, learn about project methodologies, and collaborate effectively with colleagues.
Actively engage in learning about new technologies and methodologies relevant to work.
Fulfill tasks and responsibilities assigned by a supervisor in a timely and efficient manner.
Participate in periodic reviews to share updates and incorporate feedback on assigned projects/initiatives.

Education & Experience

Currently pursuing a Bachelor's degree in Engineering, Computer Science, Information Technology, or a related technical field.
Familiarity with programming languages or technical tools relevant to the role.

Knowledge & Skills

Basic programming or scripting knowledge (e.g., Python, Java, C++).
Strong interest in high-tech and a passion for learning.
Excellent communication and interpersonal skills.
Strong problem-solving and analytical skills. 
Time management skills and working with strict deadlines.
A collaborative, solution-focused mindset and overall sense of urgency.

Impact/Scope

University students actively enrolled in a university/college/institution pursuing a Bachelor's degree in a technical area of study, and who typically works during school breaks and then returns to their university. While this applies to most interns, there may be opportunities for full-time students to work as part-time interns during the school year in some countries.

Additional Skills

What We Can Offer You:

Health & Wellbeing

We strive to provide our team members and their loved ones with a comprehensive suite of benefits that supports their physical, financial and emotional wellbeing.

Personal & Professional Development

We also invest in your career because the better you are, the better we all are. We have specific programs catered to helping you reach any career goals you have — whether you want to become a knowledge expert in your field or apply your skills to another division.

Unconditional Inclusion

We are unconditionally inclusive in the way we work and celebrate individual uniqueness. We know varied backgrounds are valued and succeed here. We have the flexibility to manage our work and personal needs. We make bold moves, together, and are a force for good.

Let's Stay Connected

Follow @HPECareers on Instagram to see the latest on people, culture and tech at HPE.

#unitedstates

#interns

Job

Administration

Job Level

N/A

States with Pay Range Requirement

The expected salary/wage range for a U.S.-based hire filling this position is provided below. Actual offer may vary from this range based upon geographic location, work experience, education/training, and/or skill level. If this is a sales role, then the listed salary range reflects combined base salary and target-level sales compensation pay. If this is a non-sales role, then the listed salary range reflects base salary only. Variable incentives may also be offered. Information about employee benefits offered can be found at https://myhperewards.com/main/new-hire-enrollment.html.

USD Hourly: $35.00 - $40.25

HPE is an Equal Employment Opportunity/ Veterans/Disabled/LGBT employer. We do not discriminate on the basis of race, gender, or any other protected category, and all decisions we make are made on the basis of qualifications, merit, and business need. Our goal is to be one global team that is representative of our customers, in an inclusive environment where we can continue to innovate and grow together. Please click here: Equal Employment Opportunity.

Hewlett Packard Enterprise is EEO Protected Veteran/ Individual with Disabilities.

HPE will comply with all applicable laws related to employer use of arrest and conviction records, including laws requiring employers to consider for employment qualified applicants with criminal histories.","['Management Level Definition:', 'Support senior team members on assigned technical projects as determined by the business unit.', 'Help identify and troubleshoot technical issues, providing support and suggesting solutions.', 'Assist with maintaining and updating hardware, software, and other technical systems.', 'Participate in team activities by attending team meetings, learn about project methodologies, and collaborate effectively with colleagues.', 'Actively engage in learning about new technologies and methodologies relevant to work.', 'Fulfill tasks and responsibilities assigned by a supervisor in a timely and efficient manner.', 'Participate in periodic reviews to share updates and incorporate feedback on assigned projects/initiatives.', 'Education & Experience', ""Currently pursuing a Bachelor's degree in Engineering, Computer Science, Information Technology, or a related technical field."", 'Familiarity with programming languages or technical tools relevant to the role.', 'Knowledge & Skills', 'Basic programming or scripting knowledge (e.g., Python, Java, C++).', 'Strong interest in high', 'tech and a passion for learning.', 'Excellent communication and interpersonal skills.', 'Strong problem', 'solving and analytical skills.', 'Time management skills and working with strict deadlines.', 'A collaborative, solution', 'focused mindset and overall sense of urgency.', 'Impact/Scope', ""University students actively enrolled in a university/college/institution pursuing a Bachelor's degree in a technical area of study, and who typically works during school breaks and then returns to their university. While this applies to most interns, there may be opportunities for full"", 'time students to work as part', 'time interns during the school year in some countries.', 'Additional Skills', 'What We Can Offer You:', 'Health & Wellbeing', 'We strive to provide our team members and their loved ones with a comprehensive suite of benefits that supports their physical, financial and emotional wellbeing.', 'Personal & Professional Development', 'We also invest in your career because the better you are, the better we all are. We have specific programs catered to helping you reach any career goals you have', 'whether you want to become a knowledge expert in your field or apply your skills to another division.', 'Unconditional Inclusion', 'We are unconditionally inclusive in the way we work and celebrate individual uniqueness. We know varied backgrounds are valued and succeed here. We have the flexibility to manage our work and personal needs. We make bold moves, together, and are a force for good.', ""Let's Stay Connected"", 'Follow @HPECareers on Instagram to see the latest on people, culture and tech at HPE.', '#unitedstates', '#interns', 'Job', 'Administration', 'Job Level', 'N/A', 'States with Pay Range Requirement', 'The expected salary/wage range for a U.S.', 'based hire filling this position is provided below. Actual offer may vary from this range based upon geographic location, work experience, education/training, and/or skill level. If this is a sales role, then the listed salary range reflects combined base salary and target', 'level sales compensation pay. If this is a non', 'sales role, then the listed salary range reflects base salary only. Variable incentives may also be offered. Information about employee benefits offered can be found at https://myhperewards.com/main/new', 'hire', 'enrollment.html.', 'USD Hourly: $35.00', '$40.25', 'HPE is an Equal Employment Opportunity/ Veterans/Disabled/LGBT employer. We do not discriminate on the basis of race, gender, or any other protected category, and all decisions we make are made on the basis of qualifications, merit, and business need. Our goal is to be one global team that is representative of our customers, in an inclusive environment where we can continue to innovate and grow together. Please click here: Equal Employment Opportunity.', 'Hewlett Packard Enterprise is EEO Protected Veteran/ Individual with Disabilities.', 'HPE will comply with all applicable laws related to employer use of arrest and conviction records, including laws requiring employers to consider for employment qualified applicants with criminal histories.']",[],[],[],2025/08/26,"['Computer', 'Computer Science', 'data', 'field', 'Java', 'Python', 'software', 'Variable']","['Computer', 'Computer Science', 'field', 'Java', 'Python', 'software', 'Variable']",[],[],[],"['Computer', 'Computer Science', 'data', 'field', 'Java', 'Python', 'software', 'Variable']"
Information Security Intern,SoTalent,"Dallas, TX",https://www.linkedin.com/jobs/view/4290763403/?eBP=CwEAAAGY9kgv4o6qda0_PYshg7FzS-_AWi43y5sk1iN8BaSG2PW0IiCBScxZU2rGf8dNaphq5OPZ7V2yjoVb-FrGW9a5jCpWQjBafeqtu_eJ_xOPupCoH1p1w8O1rHl3wAWHTiQEqlagWFrV343tjpw-UvEcOTtxTFLoKWdW-lwghRzrplM69ScmuPE6FK8O2Crm932YNaq-fD4Glkfy6YsyvxZSElavi4r_U3Tts5IKeRRQ4_wZlQS5Oj3bJutI-aollfqEbjVyZExIRgzWYJY6kRn5Iq1aD-1JA8KCKrw75WKs0keOXZ3R9R45iPkpe03yNjRrQZb1sY0LTXzHfGv7YOdeoVQr-61W_g8sryH-HoAyBrKMQ9FXdBDbhbC-OyKEsVqSmg0iegK-G4G_bv_ToBE83ghKIK_5TRFme1KD977rqTKS8NX09GWataUUlhVd9bzcai5Ztw5JAoG3z9LkQZamCmRTs8QnXpx1CuszbFAXvQZvBH153PQiJY-TFMFb59thIrRpZz6mtg&refId=oXYlHuySvg%2BlfYgD4KLMfw%3D%3D&trackingId=l34Kt2SBaQ1VVb%2BP2%2FnShg%3D%3D&trk=flagship3_search_srp_jobs,"About the job
Job Title : Securities Research Analyst
Location : Vancouver, Washington
Job Type : Full Time

We’re looking for motivated students to join our Information Security team and gain hands-on experience in cybersecurity. This is your chance to work on real-world projects, learn from industry professionals, and contribute to initiatives that strengthen security across the organization.

What you’ll do:
Monitor security events and analyze data for potential risks
Research emerging threats and industry best practices
Build reports and dashboards for leadership visibility
Contribute to security metrics, strategic projects, and team initiatives
Who we’re looking for:
Undergraduate students graduating Dec 2026 – Jun 2027
Majors in Cybersecurity, Computer Science, IS, Engineering, Math, Business, or related fields
GPA 3.0+ with strong analytical, problem-solving, and communication skills
Team players who are organized, detail-oriented, and curious about cybersecurity
Nice to have:
Coursework or exposure to cybersecurity / data analytics
Familiarity with Microsoft Office
Experience with tools like Splunk, ServiceNow, or Microsoft Defender
If you’re ready to launch your career in cybersecurity and make an impact. we’d love to hear from you!",[],[],"['Coursework or exposure to cybersecurity / data analytics', 'Familiarity with Microsoft Office', 'Experience with tools like Splunk, ServiceNow, or Microsoft Defender', 'If you’re ready to launch your career in cybersecurity and make an impact. we’d love to hear from you!']",[],2025/08/28,"['Computer', 'Computer Science', 'data']",[],[],['data'],[],"['Computer', 'Computer Science', 'data']"
Data Science Intern,Hireshire,,https://www.linkedin.com/jobs/view/4291119840/?eBP=CwEAAAGY9kgv4iiYn6t1iCZ7ZOCJsXB9QUc1tJ740pHFVpkSa4I-d_77iQTg7iELa-02boWA5x3mdlSFAMd1-TzceRzDRCeDrsJpa58rhXKshlup_Qwc04vo97KcUc-NWxLEUWydYjiMusY8_PmlknfWsW3x2PjkMjlKYl5ui3iRiVYnLS3I3570O4uHfPyb5pfkLV9yypNsmW2j_ZswWs56NnMODVw-aQzVdblbUfNUU4halzl6S_Xb6F9ewk2Wi7nevttiNWj_hmrBteWRttNKUm6INzqQXpQOSAnYHt20AaOf5TxDGSfvcWXI9n9POWSSB0Rr0ULpXxCema0AcwPMJmwawnr4MHMGEtEOP9HQH0MbK6P1eMmZrBPeEs7yR7x_4iXhD7q4rbApPvJH3Ac9OvgTiWXanElS-fuReJPopQvEamYbRLAlP19DCt3yLoY99Eq11q3QMsQsfeEDwYHhYqvdM0kp65qKvFtxNeBVEn42ASgWGDjxVIpodV1tmh3eNQKDtXb_Jph7yk4K&refId=oXYlHuySvg%2BlfYgD4KLMfw%3D%3D&trackingId=UrgL5bbTWDOT3hZ6WZ6uug%3D%3D&trk=flagship3_search_srp_jobs,"About the job
About HireShire

HireShire is a modern staffing and talent acquisition platform helping leading organizations find exceptional talent. We’re now expanding into the Data & Analytics vertical and are looking for curious, driven, and analytical minds to join us as part of our Data Science Internship Cohort.

Role Overview

As a Data Science Intern at HireShire, you will collaborate with our engineering and strategy teams to design data-driven solutions that power smarter hiring, workforce planning, and operational decision-making. This is a hands-on role where you’ll work on real business datasets to build production-ready analytics models and dashboards.

Key Responsibilities

Collect, clean, analyze, and transform structured & semi-structured HR and recruitment datasets
Build predictive models for talent forecasting, attrition risk, and candidate success scores
Develop data visualizations, dashboards, and reports using Python, SQL & BI tools
Perform EDA (exploratory data analysis) to uncover insights that inform recruitment strategies
Work with time-series & cohort data for trend analysis and performance metrics
Deploy statistical and ML algorithms (regression, clustering, classification) in scalable pipelines
Communicate findings & recommendations with clear visual and written formats to stakeholders

Requirements

Pursuing (or recently completed) B.Tech/BE/M.Tech/MSc in Data Science, Computer Science, Statistics, or related fields
Proficiency in Python + core libraries (Pandas, NumPy, Matplotlib/Seaborn, Scikit-learn)
Familiarity with SQL for querying relational datasets
Sound understanding of ML fundamentals – supervised/unsupervised learning methods
Strong statistics foundation – distributions, hypothesis testing, probability
Ability to interpret data, derive insights, and present conclusions clearly
Strong communication skills, ownership mindset & enthusiasm to learn

Nice to Have (Bonus)

Knowledge of BI tools (Power BI / Tableau / Looker / Metabase)
Basics of cloud platforms (AWS/GCP/Azure) or Docker
Prior exposure to HR analytics or recruitment datasets

What You’ll Get

Practical exposure to solving real-world data problems in HR Tech
Experience working on high-impact product features used by recruiters and hiring managers
1:1 mentorship by experienced data scientists and access to premium resources
Internship Certificate & Letter of Recommendation upon successful completion
Opportunity for a Pre-Placement Offer (PPO) at HireShire or client companies

Hiring Process

Online Application
Submit CV, GitHub/Kaggle links, and a brief note on your interest and experience
Technical Assessment
Assignment to test Python, SQL, EDA, or modeling approach
Technical Interview
In-depth discussion (45 mins) on your ML/stats understanding & problem-solving
Managerial Interview
Evaluate communication skills, culture fit & motivation
Offer
Selected applicants receive the internship offer with stipend details & project allocation
Onboarding
Orientation, project assignment & setup with tools and mentors

Stipend
Minimum stipend starts at $19/hour, with the possibility of a higher rate based on performance in the interviews.",[],[],"['Knowledge of BI tools (Power BI / Tableau / Looker / Metabase)', 'Basics of cloud platforms (AWS/GCP/Azure) or Docker', 'Prior exposure to HR analytics or recruitment datasets', 'What You’ll Get', 'Practical exposure to solving real', 'world data problems in HR Tech', 'Experience working on high', 'impact product features used by recruiters and hiring managers', '1:1 mentorship by experienced data scientists and access to premium resources', 'Internship Certificate & Letter of Recommendation upon successful completion', 'Opportunity for a Pre', 'Placement Offer (PPO) at HireShire or client companies', 'Hiring Process', 'Online Application', 'Submit CV, GitHub/Kaggle links, and a brief note on your interest and experience', 'Technical Assessment', 'Assignment to test Python, SQL, EDA, or modeling approach', 'Technical Interview', 'In', 'depth discussion (45 mins) on your ML/stats understanding & problem', 'solving', 'Managerial Interview', 'Evaluate communication skills, culture fit & motivation', 'Offer', 'Selected applicants receive the internship offer with stipend details & project allocation', 'Onboarding', 'Orientation, project assignment & setup with tools and mentors', 'Stipend', 'Minimum stipend starts at $19/hour, with the possibility of a higher rate based on performance in the interviews.']","['Pursuing (or recently completed) B.Tech/BE/M.Tech/MSc in Data Science, Computer Science, Statistics, or related fields', 'Proficiency in Python + core libraries (Pandas, NumPy, Matplotlib/Seaborn, Scikit', 'learn)', 'Familiarity with SQL for querying relational datasets', 'Sound understanding of ML fundamentals', 'supervised/unsupervised learning methods', 'Strong statistics foundation', 'distributions, hypothesis testing, probability', 'Ability to interpret data, derive insights, and present conclusions clearly', 'Strong communication skills, ownership mindset & enthusiasm to learn']",,"['client', 'Computer', 'Computer Science', 'data', 'Data', 'Data Science', 'Python']",[],[],"['client', 'data', 'Python']","['Computer', 'Computer Science', 'data', 'Data', 'Data Science', 'Python']","['client', 'Computer', 'Computer Science', 'data', 'Data', 'Data Science', 'Python']"
Data Science Intern - Summer 2026,Altruist,"Los Angeles, CA",https://www.linkedin.com/jobs/view/4279910921/?eBP=CwEAAAGY9kgv4qZTCTG0JrlzgiNNN9h7wnnmnRPE0QYx0IbxutmhtxGVfK0CO-Il5QjuHdSZn4kBSoc0wM318NuXpMietP4-8lGKMSvkCsAPk9RiYMLE9M_3czuqOzPN2qcfqopD_z6S3gOCXE5iBTI9jLTHjIVwjuUgcQcoYj42jBBYvnF1mGyXAzLIwlYsOW_EIpejHxWSsge6KWW1fYFvfnt54TBlfj-Y29L_Fx30tKItyadJXK3-SQBqmqO9RmCgUgxp9-cZJQ0mmLOesSXWROSYi2nFBWliB-BOfe-j2TtvRriqyLudf0b7bRNTtjPtGIR4tpO2AbTNtt6jMxJL6R3nrbdrYcMzodkm51Hn2p42UdsIAJlHjy13uzJjvmKPkIV2MeiQjUADWOnpdqz0XU81dOMyhGapM9f1uIi-Pk2OmhQM_eEk8Jbn4BpSCftKA7bfu66MRrmjwfC0oZ44IFlC569kC5FyfuTX7PKLfMpGajzLh95ldrqRlROi5pz2ku0V0eMWKO3Juw&refId=oXYlHuySvg%2BlfYgD4KLMfw%3D%3D&trackingId=hN8LYsJYSUWIBUbFu%2FU%2BAw%3D%3D&trk=flagship3_search_srp_jobs,"About the job
About Altruist

Altruist is the modern custodian built exclusively for independent financial advisors that combines a self-clearing brokerage firm with intuitive software for account opening, trading, reporting, and billing — all in one streamlined solution. Financial advisors across the U.S. have partnered with Altruist to reduce costs, save time, grow their business, and provide better outcomes for their clients. Our mission is to make financial advice better, more affordable, and accessible to everyone — but we can’t do it alone. We’re seeking exceptional talent to join our team. That’s where you come in!

If you’re passionate about challenging the status quo and making a meaningful impact in the financial advice industry, we’d love to meet you!

But first, our values

Kindness - Kindness doesn’t just equal niceness. We listen to understand. We embrace, and encourage healthy debate and diverse perspectives. We approach conflict openly, honestly, and respectfully.

Brilliance - Humility is the skill we’re most proud of and possessing a growth mindset is always top of mind. We take ownership in everything we touch; regularly using our unique superpowers to reach a common goal as a team. We succeed and fail as one.

Grit - When challenges arise, we stay laser focused on achieving our mission and finding a way forward, even when it’s hard. We are nimble and maintain a sense of urgency, swiftly adapting to change and overcoming obstacles.

The opportunity

Altruist is in the midst of an exceptional growth phase and we’re excited to hire a Data Science Intern for Summer 2026 to join our growing team. In our 10 week internship program at our Culver City office, you’ll have the chance to make a meaningful impact in the financial advice industry by working on real projects from ideation to execution that directly shape our products and user experience.

Your impact

Build and refine statistical and machine learning models to enhance revenue forecasting and business planning.
Conduct exploratory data analysis to support GTM strategy, including funnel diagnostics, segmentation, and growth opportunity sizing.
Leverage data science methods to support product analytics, such as feature impact analysis, usage behavior clustering, and churn modeling.
Work with large datasets using Python and SQL for data processing, feature engineering, and model development.
Translate analytical insights into actionable recommendations and communicate them clearly to both technical and non-technical stakeholders.
Develop a deep understanding of the business, industry, codebase, and technical systems.
Contribute to the innovation and continuous improvement of Altruist’s platform.

What You Bring 

Experience - Must have completed at least 1 previous Data Science Internship, preferably in the startup and/or FinTech space.
Experienced in statistics, statistical modeling, and optimization, with hands-on work in data processing, building machine learning models using Python, and working with databases using SQL.
Education - Currently enrolled in an M.S. or Ph.D. program in statistics, engineering, computer science, artificial intelligence, or a related quantitative field (math, physics, etc.).
Technical aptitude - You’re technologically savvy and can easily get up to speed on modern tech stacks.
Ownership - The pride you put into every aspect of your work is unparalleled and undeniable.
Superb communication - Intentional dialogue is a superpower. You listen as well as you share your perspective with others.
Resilience - We’re inspired by your unwavering determination to achieve success, no matter the adversity you face along way.
Assurance - Your confidence is brilliant, yet ego-less. You possess a strong knowledge base, the ability to discover the unknown, and are open to differing perspectives. 
Creative problem solving - Identifying the problem is simply not enough. You’re instinctually creative with your approach in finding solutions to roadblocks.

This internship role is based in Altruist’s Culver City or San Francisco office on a hybrid schedule, in office Tuesday/Wednesday/Thursday. Altruist’s compensation and benefits are subject to change and may be modified in the future.

Los Angeles, CA salary range

$40—$48 USD

What We Bring

Attracting and retaining top-tier talent is a priority. We are proud of the culture we’ve built and are cognizant of the ever-changing professional landscape. Our dynamic offering of perks and benefits are tailored for you to feel your best while doing your best.

A hybrid work schedule for most positions to promote strong, in-person collaboration and a healthy work-life-balance.
Stunning, amenity-filled office spaces in Culver City, CA, San Francisco, CA, and Dallas, TX. Our offices are intentionally designed for comfort, collaboration, and productivity. 
Competitive pay, as well as equity for eligible positions
Premium healthcare, dental, and vision insurance plans
401k savings plan with matching contributions and immediate vesting
Generous paid parental leave
Professional growth and development opportunities including an employee mobility program and an annual L&D budget allocation for each employee
Physical and emotional wellness programs that nurture both your mind and body
Company perks program (includes discounts on pet insurance, fitness, cell phone plans, entertainment and travel, etc.)
Financial guidance program (includes counseling on navigating debt, tracking personal spend, saving and planning goals, home-purchasing preparedness, etc.)

Total compensation includes a competitive benefits package along with equity in the form of Stock Options (ISOs) for eligible roles. For salaried positions, a salary offer will be determined by a number of factors including experience, skill level, internal pay equity, geographic location, and other relevant business considerations. We review all employee pay and compensation programs regularly to ensure fair, equitable, and competitive pay. At Altruist, we are committed to providing fair, equitable, and competitive compensation by leveraging market data to inform our pay bands. Base salaries will be reviewed at regular intervals throughout the year, typically in conjunction with performance review cycles. By evaluating compensation on a regular basis, we are able to reward high performance and ensure all employees have opportunities for growth.

Don’t meet every single requirement? Studies have shown that women and people of color are less likely to apply to jobs unless they meet every single qualification. At Altruist we are dedicated to building a diverse, inclusive, and authentic workplace, so if you’re excited about this role, but your past experience doesn’t align perfectly with every qualification in the job description, we encourage you to apply anyways. You may be just the right candidate for this or other roles.",[],"['clearing brokerage firm with intuitive software for account opening, trading, reporting, and billing', 'all in one streamlined solution. Financial advisors across the U.S. have partnered with Altruist to reduce costs, save time, grow their business, and provide better outcomes for their clients. Our mission is to make financial advice better, more affordable, and accessible to everyone', 'but we can’t do it alone. We’re seeking exceptional talent to join our team. That’s where you come in!', 'Kindness doesn’t just equal niceness. We listen to understand. We embrace, and encourage healthy debate and diverse perspectives. We approach conflict openly, honestly, and respectfully.', 'Humility is the skill we’re most proud of and possessing a growth mindset is always top of mind. We take ownership in everything we touch; regularly using our unique superpowers to reach a common goal as a team. We succeed and fail as one.', 'When challenges arise, we stay laser focused on achieving our mission and finding a way forward, even when it’s hard. We are nimble and maintain a sense of urgency, swiftly adapting to change and overcoming obstacles.', 'technical stakeholders.', 'Must have completed at least 1 previous Data Science Internship, preferably in the startup and/or FinTech space.', 'on work in data processing, building machine learning models using Python, and working with databases using SQL.', 'Currently enrolled in an M.S. or Ph.D. program in statistics, engineering, computer science, artificial intelligence, or a related quantitative field (math, physics, etc.).', 'You’re technologically savvy and can easily get up to speed on modern tech stacks.', 'The pride you put into every aspect of your work is unparalleled and undeniable.', 'Intentional dialogue is a superpower. You listen as well as you share your perspective with others.', 'We’re inspired by your unwavering determination to achieve success, no matter the adversity you face along way.', 'Your confidence is brilliant, yet ego', 'less. You possess a strong knowledge base, the ability to discover the unknown, and are open to differing perspectives.', 'Identifying the problem is simply not enough. You’re instinctually creative with your approach in finding solutions to roadblocks.', '$48 USD', 'tier talent is a priority. We are proud of the culture we’ve built and are cognizant of the ever', 'changing professional landscape. Our dynamic offering of perks and benefits are tailored for you to feel your best while doing your best.', 'person collaboration and a healthy work', 'life', 'balance.', 'filled office spaces in Culver City, CA, San Francisco, CA, and Dallas, TX. Our offices are intentionally designed for comfort, collaboration, and productivity.', 'purchasing preparedness, etc.)']",[],[],2025/08/26,"['computer', 'computer science', 'data', 'Data', 'data science', 'Data Science', 'execution', 'field', 'Python', 'software', 'user']",[],"['computer', 'computer science', 'data', 'Data', 'Data Science', 'field', 'Python', 'software']",[],[],"['computer', 'computer science', 'data', 'Data', 'data science', 'Data Science', 'execution', 'field', 'Python', 'software', 'user']"
Information Security Analyst Intern,"TrueNorth Companies, L.C.","Cedar Rapids, IA",https://www.linkedin.com/jobs/view/4280490167/?eBP=CwEAAAGY9kgv4vuBZzTMAss4bD4oFKQURxpMG1kGW5_E2A6xqTGzoHWo2kkOhM8MhbR_JG8O4vO0ubKcmbZRy-S4DuBPBQTRsxeozFwmVvG6lIlgG5LjxZgUG1jbJJN4kZXignwL7_Nyk0j2KHlKtTQ5zIo4vfs0JzIyW8r8YBRVJEEohl5FU-l7Z8NwqbwrMmPHnTnJkvYsUoB2T0oVblH_UMuiS6OD1Q6jMsr6cbWvt03wdWi-SHsea_GkGeaYRD6RSA0_68pYr7Dn84NqyO6YaMnR2b3bvHzq6l-LDu-l7trFQO1jaMMe4joJoy8YMJb_9_htjv0ER71cxxUkW0xuNOQBUTJe5_LF8lOYcDYivbSzwp7vER6e-alIhZLJCugmc9IoFOD865m7MH8KGlNk5Mnkf4sBjKqbKyOjtWOhEzt2LHidxHQaQo1EjunHiFkqqhpdOzdPV4oNIq_dmRZN2ANvU-Z5-3i330YVb_hiQr7L65owOqhFG6uxHPlwTqP1bz9kJKwojiI&refId=oXYlHuySvg%2BlfYgD4KLMfw%3D%3D&trackingId=JDVB2fLsdUFtA2MxElDbUA%3D%3D&trk=flagship3_search_srp_jobs,"About the job
Are you looking for an opportunity to learn, grow, and develop as a young professional? How about working for a company recognized as one of USA Today’s Top Workplaces?

TrueNorth is looking for an Information Security Analyst Intern to join our Technology team. If you’re looking to grow in areas such as cyber security and IT operations, this might be the role for you! The Information Security Analyst Intern will work closely with senior members of the team to support a comprehensive information security program. This includes contributing to the definition of security policies, processes, and standards as well as implementing security controls. The security analyst intern may work with the IT department to deploy technical controls, to meet specific security requirements, and monitors to ensure that security configurations are maintained and effective.

Our internship program is a 11-week paid program, running May – August 2026. This position will be fully on site in our Cedar Rapids, IA office.

As An Information Security Analyst Intern, You Will

Work with the Cyber team on cyber projects and internal TrueNorth security projects to mitigate security issues and improve cyber security.
Use security applications, monitor daily or weekly reports and security logs for unusual events.
Assist in the coordination and completion of information security operations documentation.
Execute information security projects as assigned.
Assist in the administration and maintenance of the information security program.
Participate in the creation and delivery of information security awareness, training, and education program materials.
Carry out research on information security and privacy issues and keeps abreast of the latest technology, industry best practices, and hardening standards to address security exposures and threats.
Assist with management and identification of security vulnerabilities. 

Education, Experience, & Skills

Must be of Sophomore, Junior or Senior status, pursuing a degree in MIS, Computer Science, Information Security, or a related degree program with an interest in Information Security
Strong critical thinking and problem-solving skills 
Excellent interpersonal communication skills, both written and verbal 
Extremely accurate with strong attention to detail 
Proficient in Microsoft Office Suite; specifically, Excel 
Must be comfortable with technology, including Teams and Outlook

We believe that People Will Determine Who Wins – therefore we invest in their future by providing personal and professional development opportunities.

Benefits & Opportunities As a TrueNorth Intern Are

Paid Internship, Paid Time Off, and Holiday Pay
Personal & Professional Development Opportunities
Scholarship Opportunity 
Paid Volunteer Time Off and Volunteer Opportunities 
Executive Team Exposure
Company Social Events
Team Projects

TrueNorth makes all employment-related decisions on the basis of qualifications, merit, and business need, and does not discriminate against any applicant on the basis of race, color, creed, sex, sexual orientation, gender identity or expression, age, religion, national origin, citizenship status, disability, ancestry, marital status, veteran status, medical condition or any other category protected local, state or federal laws.

Join us!",[],"['week paid program, running May', 'August 2026. This position will be fully on site in our Cedar Rapids, IA office.', 'solving skills', 'therefore we invest in their future by providing personal and professional development opportunities.', 'related decisions on the basis of qualifications, merit, and business need, and does not discriminate against any applicant on the basis of race, color, creed, sex, sexual orientation, gender identity or expression, age, religion, national origin, citizenship status, disability, ancestry, marital status, veteran status, medical condition or any other category protected local, state or federal laws.']",[],[],2025/08/27,"['Computer', 'Computer Science', 'documentation', 'expression', 'state']",[],"['expression', 'state']",[],[],"['Computer', 'Computer Science', 'documentation', 'expression', 'state']"
Data Analyst,Paramount Pictures,"Los Angeles, CA",https://www.linkedin.com/jobs/view/4279650100/?eBP=CwEAAAGY9kgv4tD9p4ir_zWuh0VgN-oqEKeicEKU9T1pDTrLWJHgNFFh33jTaqvfOT1DgDID1dffk9DJw8p0w9F7OZplx7gzM6aWyDePmu10C7uIcj7TjSBhPevveYlyOCnABKxOg24bOHq0UfWwQj2ktsYE1ibBat2p7lHT8C68pmclOVQEuJG8OzAHLy-6-BK_90Dro8Me2vmPymMgoCh6sY3g5EIjwHuGi0EEQ1RK2lsrppQyxuOAdjLVdpZgFZdRmel8mB5mZbgFClpjObz8NNwusAS8zEl1gRB91iVa76sSdAhPdodIIYy4PzCyWHBx5H0UrQzMCv6CgjwiLBSq4uOU4wYfyvJXa86MDoK9mnekBX3ukzvQV1OmyZVF26oaYdfb9hyC85lS1RPjDjpM5Pb-90e8OJAX5cf5T8H3WqZXRjveoLLZpfd4XBCiITCzB4MCN0DPqsZannprYdfdp1WSQayrjyNgAHuBQw&refId=oXYlHuySvg%2BlfYgD4KLMfw%3D%3D&trackingId=1%2BrynakS%2BZcMMxHbIGrnZg%3D%3D&trk=flagship3_search_srp_jobs,"About the job
#WeAreParamount on a mission to unleash the power of content… you in?

We’ve got the brands, we’ve got the stars, and we’ve got the power to achieve our mission to entertain the planet – now all we’re missing is…YOU! Becoming a part of Paramount means joining a team that values authenticity and embraces inclusion for all. We are searching for individuals who not only recognize the power of content but also enjoy a touch of fun and uniqueness. Together, we co-create moments that matter – both for our audiences and our employees. You fuel our culture of purpose, passion, and collaboration. We’re in this together.

Collaborating with the Vice President of Sales Planning & Reporting, the Data Analyst will support Paramount Home Entertainment's analysis and reporting projects. The ideal candidate will have a keen eye for data quality and meticulous attention to detail. They will be technically savvy and be able to navigate complex enterprise systems while working in a fast-paced corporate environment!

Responsibilities include:

Lead all aspects of the collection, cleaning, and harmonization of metadata for internal databases to ensure data integrity and accuracy. 
Develop and maintain dashboards, reports, and visualizations to optimally communicate data-driven insights to partners. 
Work closely with multi-functional teams, including IT, marketing, finance, and operations, to support data-driven decision-making processes. 
Identify and interpret trends and/or patterns within complex data sets
Support the team in all requests that relate to our function, with a “can-do” attitude and always looking to over deliver what is required

Basic qualifications:

Proficiency in data analysis tools and software, such as SQL, Python, R, Tableau. 
Understanding of statistical methods, data modeling, and predictive analytics. 
Strong analytical and problem-solving skills, with a keen attention to detail. 

Additional qualifications:

A bachelor’s degree or equivalent in computer science, Analytics, Economics, Mathematics, Statistics, or a related field is preferred. 
Experience with Snowflake, GitHub, and AWS
3+ years of experience at an entertainment studio and/or streaming platform

Founded in 1912, Paramount Pictures works with talented filmmakers to produce and distribute entertainment around the world. The film studio’s iconic logo has opened some of the most successful and beloved films in cinematic history, including timeless classics such as The Godfather, Chinatown, Forrest Gump and Titanic; and blockbuster franchises such as Star Trek, Transformers, Mission: Impossible and Sonic the Hedgehog. Recent, innovative, break-out films such as The Wolf of Wall Street, Arrival, Rocketman, and A Quiet Place have added to Paramount’s film legacy. With a beautiful 65-acre lot in the heart of Hollywood, a worldwide network of offices and a culture of engagement, Paramount Pictures’ passionate employees ensure the studio continues to deliver creativity and innovation to a dynamic industry. Paramount Pictures controls a collection of some of the most powerful brands in filmed entertainment, including Paramount Pictures, Paramount Animation, and Paramount Players. PPC operations also include Paramount Home Entertainment, Paramount Pictures International, Paramount Licensing Inc., and Paramount Studio Group. Paramount Pictures is a subsidiary of Paramount, which connects with billions of people worldwide through its global brands including MTV, CBS, Paramount Network, Nickelodeon, Comedy Central, BET and streaming service Paramount+.

Additional Information

Hiring Salary Range: $56,000.00 - 70,000.00.

The hiring salary range for this position applies to New York, California, Colorado, Washington state, and most other geographies. Starting pay for the successful applicant depends on a variety of job-related factors, including but not limited to geographic location, market demands, experience, training, and education. The benefits available for this position include medical, dental, vision, 401(k) plan, life insurance coverage, disability benefits, tuition assistance program and PTO or, if applicable, as otherwise dictated by the appropriate Collective Bargaining Agreement.

What We Offer:

Attractive compensation and comprehensive benefits packages. Check out our full list of benefits here: https://www.paramount.com/careers/benefits
Generous paid time off. 
An exciting and fulfilling opportunity to be part of one of Paramount’s most dynamic teams. 
Opportunities for both on-site and virtual engagement events. 
Unique opportunities to make meaningful connections and build a vibrant community, both inside and outside the workplace. 
Explore life at Paramount: https://www.paramount.com/careers/life-at-paramount

Paramount is an equal opportunity employer (EOE) including disability/vet.

At Paramount, the spirit of inclusion feeds into everything that we do, on-screen and off. From the programming and movies we create to employee benefits/programs and social impact outreach initiatives, we believe that opportunity, access, resources and rewards should be available to and for the benefit of all. Paramount is proud to be an equal opportunity workplace. We are committed to equal employment opportunity regardless of race, color, ethnicity, ancestry, religion, creed, sex, national origin, sexual orientation, age, citizenship status, marital status, disability, gender identity, gender expression, and Veteran status.

If you are a qualified individual with a disability or a disabled veteran, you may request a reasonable accommodation if you are unable or limited in your ability to use or access https://www.paramount.com/careers as a result of your disability. You can request reasonable accommodations by calling 212.846.5500 or by sending an email to paramountaccommodations@paramount.com. Only messages left for this purpose will be returned.","['Lead all aspects of the collection, cleaning, and harmonization of metadata for internal databases to ensure data integrity and accuracy.', 'Develop and maintain dashboards, reports, and visualizations to optimally communicate data', 'driven insights to partners.', 'Work closely with multi', 'functional teams, including IT, marketing, finance, and operations, to support data', 'driven decision', 'making processes.', 'Identify and interpret trends and/or patterns within complex data sets', 'Support the team in all requests that relate to our function, with a “can', 'do” attitude and always looking to over deliver what is required']","['Proficiency in data analysis tools and software, such as SQL, Python, R, Tableau.', 'Understanding of statistical methods, data modeling, and predictive analytics.', 'Strong analytical and problem', 'solving skills, with a keen attention to detail.', 'Additional qualifications:', 'A bachelor’s degree or equivalent in computer science, Analytics, Economics, Mathematics, Statistics, or a related field is preferred.', 'Experience with Snowflake, GitHub, and AWS', '3+ years of experience at an entertainment studio and/or streaming platform', 'Founded in 1912, Paramount Pictures works with talented filmmakers to produce and distribute entertainment around the world. The film studio’s iconic logo has opened some of the most successful and beloved films in cinematic history, including timeless classics such as The Godfather, Chinatown, Forrest Gump and Titanic; and blockbuster franchises such as Star Trek, Transformers, Mission: Impossible and Sonic the Hedgehog. Recent, innovative, break', 'out films such as The Wolf of Wall Street, Arrival, Rocketman, and A Quiet Place have added to Paramount’s film legacy. With a beautiful 65', 'acre lot in the heart of Hollywood, a worldwide network of offices and a culture of engagement, Paramount Pictures’ passionate employees ensure the studio continues to deliver creativity and innovation to a dynamic industry. Paramount Pictures controls a collection of some of the most powerful brands in filmed entertainment, including Paramount Pictures, Paramount Animation, and Paramount Players. PPC operations also include Paramount Home Entertainment, Paramount Pictures International, Paramount Licensing Inc., and Paramount Studio Group. Paramount Pictures is a subsidiary of Paramount, which connects with billions of people worldwide through its global brands including MTV, CBS, Paramount Network, Nickelodeon, Comedy Central, BET and streaming service Paramount+.', 'Additional Information', 'Hiring Salary Range: $56,000.00', '70,000.00.', 'The hiring salary range for this position applies to New York, California, Colorado, Washington state, and most other geographies. Starting pay for the successful applicant depends on a variety of job', 'related factors, including but not limited to geographic location, market demands, experience, training, and education. The benefits available for this position include medical, dental, vision, 401(k) plan, life insurance coverage, disability benefits, tuition assistance program and PTO or, if applicable, as otherwise dictated by the appropriate Collective Bargaining Agreement.', 'What We Offer:', 'Attractive compensation and comprehensive benefits packages. Check out our full list of benefits here: https://www.paramount.com/careers/benefits', 'Generous paid time off.', 'An exciting and fulfilling opportunity to be part of one of Paramount’s most dynamic teams.', 'Opportunities for both on', 'site and virtual engagement events.', 'Unique opportunities to make meaningful connections and build a vibrant community, both inside and outside the workplace.', 'Explore life at Paramount: https://www.paramount.com/careers/life', 'at', 'paramount', 'Paramount is an equal opportunity employer (EOE) including disability/vet.', 'At Paramount, the spirit of inclusion feeds into everything that we do, on', 'screen and off. From the programming and movies we create to employee benefits/programs and social impact outreach initiatives, we believe that opportunity, access, resources and rewards should be available to and for the benefit of all. Paramount is proud to be an equal opportunity workplace. We are committed to equal employment opportunity regardless of race, color, ethnicity, ancestry, religion, creed, sex, national origin, sexual orientation, age, citizenship status, marital status, disability, gender identity, gender expression, and Veteran status.', 'If you are a qualified individual with a disability or a disabled veteran, you may request a reasonable accommodation if you are unable or limited in your ability to use or access https://www.paramount.com/careers as a result of your disability. You can request reasonable accommodations by calling 212.846.5500 or by sending an email to paramountaccommodations@paramount.com. Only messages left for this purpose will be returned.']",[],[],2025/08/26,"['collection', 'computer', 'computer science', 'data', 'Data', 'expression', 'field', 'list', 'Python', 'software', 'state']","['collection', 'data']","['collection', 'computer', 'computer science', 'data', 'expression', 'field', 'list', 'Python', 'software', 'state']",[],[],"['collection', 'computer', 'computer science', 'data', 'Data', 'expression', 'field', 'list', 'Python', 'software', 'state']"
